rank_by_installs,title,developer,category,installs,ratings,reviews,rating_ratio_pct,review_ratio_pct,flags,ad_supported,offers_iap,pp_is_http,privacy_policy,appId,first_keyword,matched_keywords,url
1,Instabridge: WiFi Hotspot Map,Instabridge Sweden AB,Productivity,316305299,4059141,40822,1.2833,1.0057,rev/rat<2% (text-less stars),True,True,False,https://instabridge.com/privacy-policy/,com.instabridge.android,wifi,wifi;wifi scanner;wifi password,https://play.google.com/store/apps/details?id=com.instabridge.android&hl=en&gl=us
2,WiFi Master: WiFi Auto Connect,LINKSURE NETWORK HOLDING,Tools,231655990,3264178,10028,1.4091,0.3072,rev/rat<2% (text-less stars),True,True,False,https://en.wifi.com/polices.html,com.halo.wifikey.wifilocating,wifi,wifi,https://play.google.com/store/apps/details?id=com.halo.wifikey.wifilocating&hl=en&gl=us
3,WiFi Map: Free Wi-Fi Near You,WiFi Map LLC,Travel & Local,145424951,3017720,18259,2.0751,0.6051,rev/rat<2% (text-less stars),True,True,False,https://wifimap.notion.site/WiFi-Map-Privacy-Policy-b1928bba632f480fa8bf009c12507db4,io.wifimap.wifimap,wifi,wifi;wifi scanner;wifi password,https://play.google.com/store/apps/details?id=io.wifimap.wifimap&hl=en&gl=us
4,Truck Simulator : Ultimate,Zuuks Games,Simulation,116955949,2534398,14185,2.167,0.5597,rev/rat<2% (text-less stars),True,True,False,https://www.zuuks.com/terms-privacy,com.zuuks.truck.simulator.ultimate,trucking,trucking;truck driver,https://play.google.com/store/apps/details?id=com.zuuks.truck.simulator.ultimate&hl=en&gl=us
5,Truckers of Europe 3,Wanda Software,Simulation,98036773,646805,4844,0.6598,0.7489,rev/rat<2% (text-less stars),True,True,True,http://wandasoftware.com/privacy-policy.html,com.WandaSoftware.TruckersofEurope3,trucker,trucker;trucking;truck driver,https://play.google.com/store/apps/details?id=com.WandaSoftware.TruckersofEurope3&hl=en&gl=us
6,Truckers of Europe 2,Wanda Software,Simulation,95530567,419843,2761,0.4395,0.6576,rev/rat<2% (text-less stars),True,True,True,http://www.wandasoftware.com/privacy-policy.html,europe.truck.simulator2,trucker,trucker;truck driver,https://play.google.com/store/apps/details?id=europe.truck.simulator2&hl=en&gl=us
7,European Truck Simulator,Ovidiu Pop,Simulation,88838817,1184765,9139,1.3336,0.7714,rev/rat<2% (text-less stars),True,True,True,http://www.ovilex.com/privacy-policy/,com.ovilex.eurotruckdriver,trucking,trucking;truck driver,https://play.google.com/store/apps/details?id=com.ovilex.eurotruckdriver&hl=en&gl=us
8,Too Good To Go: End Food Waste,Too Good To Go Aps,Food & Drink,77799027,1910242,12797,2.4554,0.6699,rev/rat<2% (text-less stars),False,False,False,https://www.toogoodtogo.com/en/privacy-policy,com.app.tgtg,gasbuddy,gasbuddy,https://play.google.com/store/apps/details?id=com.app.tgtg&hl=en&gl=us
9,Fing - Network Tools,Fing Limited,Tools,74047516,869116,15696,1.1737,1.806,rev/rat<2% (text-less stars),False,True,False,https://www.fing.com/fing-privacy-policy,com.overlook.android.fing,wifi,wifi;wifi scanner,https://play.google.com/store/apps/details?id=com.overlook.android.fing&hl=en&gl=us
10,Grand Truck Simulator 2,Pulsar GameSoft,Simulation,50687972,428230,4815,0.8448,1.1244,rev/rat<2% (text-less stars),True,True,True,http://www.grandtrucksimulator.com/news/gts2-privacy-policy,com.Pulsar.GrandTruckSimulator2,trucking,trucking;truck driver,https://play.google.com/store/apps/details?id=com.Pulsar.GrandTruckSimulator2&hl=en&gl=us
11,Force LTE Only (4G/5G),Xsquare Studio,Tools,42518383,303227,1612,0.7132,0.5316,rev/rat<2% (text-less stars),True,True,False,https://xsquarestudio.com/privacy-policy,com.xsquarestudio.forcelte,lte signal,lte signal,https://play.google.com/store/apps/details?id=com.xsquarestudio.forcelte&hl=en&gl=us
12,HERE WeGo: Maps & Navigation,HERE Europe B.V.,Maps & Navigation,40773555,501189,9094,1.2292,1.8145,rev/rat<2% (text-less stars),False,False,False,https://legal.here.com/en-gb/privacy/here-wego-here-application-or-here-maps-privacy-supplement-updated,com.here.app.maps,truck gps,truck gps;truck navigation,https://play.google.com/store/apps/details?id=com.here.app.maps&hl=en&gl=us
13,WiFi QrCode Password scanner,Tech Tool,Tools,32910254,88882,381,0.2701,0.4287,rev/rat<2% (text-less stars),True,False,False,https://sites.google.com/view/wifiqrcodepolicy,com.techtool.wifiqrcodepasswordscanner,wifi password,wifi password,https://play.google.com/store/apps/details?id=com.techtool.wifiqrcodepasswordscanner&hl=en&gl=us
14,Wifi password all in one,Magdalm,Tools,29843718,174217,1357,0.5838,0.7789,rev/rat<2% (text-less stars),True,True,False,https://magdalmsoft.com/apps/freewifipassword/policy.html,com.magdalm.freewifipassword,wifi password,wifi password,https://play.google.com/store/apps/details?id=com.magdalm.freewifipassword&hl=en&gl=us
15,Truck Star,Century Games PTE. LTD.,Casual,24686874,425603,7178,1.724,1.6865,rev/rat<2% (text-less stars),False,True,False,https://www.centurygame.com/privacy-policy/,com.vm3.global,trucker,trucker;trucking;truck driver;truck stop,https://play.google.com/store/apps/details?id=com.vm3.global&hl=en&gl=us
16,Trucker Real Wheels: Simulator,Feofun Limited,Simulation,23134239,43482,609,0.188,1.4006,rev/rat<2% (text-less stars),True,True,False,https://docs.google.com/document/d/1eVPu34qVG3Fi0Z5O2tuAPJZ-7yWdJQbVv5iySIrnbTY/edit?usp=sharing,com.ILXAM.TruckerRealWheel,trucker,trucker;trucking,https://play.google.com/store/apps/details?id=com.ILXAM.TruckerRealWheel&hl=en&gl=us
17,Truck Manager - 2026,Xombat Development - Airline manager games,Simulation,23132555,74891,1421,0.3237,1.8974,rev/rat<2% (text-less stars),False,True,False,https://trophy-games.com/privacy,com.trophygames.truckmanager,trucker,trucker;trucking;truck driver,https://play.google.com/store/apps/details?id=com.trophygames.truckmanager&hl=en&gl=us
18,Wifi Password Show: Master Key,QUEEN CITY,Personalization,22199341,87914,642,0.396,0.7303,rev/rat<2% (text-less stars),True,True,False,https://mobocovietnam.com/Privacy-policy.html,com.fc.p.bk.wifi.passwordshow.wifimaster.wifikey,wifi password,wifi password,https://play.google.com/store/apps/details?id=com.fc.p.bk.wifi.passwordshow.wifimaster.wifikey&hl=en&gl=us
19,TomTom GO Expert: Truck GPS,TomTom International BV,Maps & Navigation,21803290,271419,3545,1.2449,1.3061,rev/rat<2% (text-less stars),False,True,False,https://www.tomtom.com/en_gb/navigation/mobile-apps/go-navigation-app/privacy-policy/,com.tomtom.gplay.navapp,truck gps,truck gps;truck navigation,https://play.google.com/store/apps/details?id=com.tomtom.gplay.navapp&hl=en&gl=us
20,WiFi Password Scan & WiFi Map,SMI Team,Tools,17349994,0,0,0.0,0,ratings/installs<0.1%,True,True,False,https://docs.google.com/document/d/e/2PACX-1vT2Yr29rO-GIrjVKD4OQxTQM1vrO7nQ6mvdDlYi2RDnw2VrgMysxMyA7dDIXwuWekaE5uSnzo43vYKr/pub,com.wifipassword.wifimap.wifiscan,wifi password,wifi password,https://play.google.com/store/apps/details?id=com.wifipassword.wifimap.wifiscan&hl=en&gl=us
21,All Router Admin - Setup WiFi,Phuongpn,Tools,17100458,81532,683,0.4768,0.8377,rev/rat<2% (text-less stars),True,False,False,https://phuongpndev.web.app/allrouteradmn-privacy/,com.phuongpn.wifiroutersetup.wifinetworkinfo,router,router;router admin;router config,https://play.google.com/store/apps/details?id=com.phuongpn.wifiroutersetup.wifinetworkinfo&hl=en&gl=us
22,Truck Masters: India Simulator,Highbrow Interactive,Simulation,16911652,155202,63,0.9177,0.0406,"rev/rat<2% (text-less stars) | huge ratings, no reviews",True,True,False,https://highbrowinteractive.com/privacy-policy/,com.highbrowinteractive.truck.masters.india.highway.driving.simulator.game,trucking,trucking;truck driver,https://play.google.com/store/apps/details?id=com.highbrowinteractive.truck.masters.india.highway.driving.simulator.game&hl=en&gl=us
23,Coverage - Cell and WiFi Test,Wave Analytics LLC,Tools,14491475,69031,664,0.4764,0.9619,rev/rat<2% (text-less stars),False,False,False,https://waveanalyticsllc.com/privacy-policy/,net.pinpointglobal.surveyapp,signal strength,signal strength;cell signal;network signal;cellular signal;lte signal,https://play.google.com/store/apps/details?id=net.pinpointglobal.surveyapp&hl=en&gl=us
24,Speed test 4G 5G WiFi & maps,nPerf.com,Tools,13056530,503049,2990,3.8529,0.5944,rev/rat<2% (text-less stars),True,True,False,https://www.nperf.com/en/privacy-policy,com.nperf.tester,signal strength,signal strength;network signal;cellular signal;lte signal;5g signal,https://play.google.com/store/apps/details?id=com.nperf.tester&hl=en&gl=us
25,Truck Simulator : Death Road,BladePoint Game Studio,Simulation,12944610,9953,78,0.0769,0.7837,ratings/installs<0.1% | rev/rat<2% (text-less stars),False,True,False,https://bladepointgamestudio.com/drts/privacypolicy.html,com.bp.death.road.truck.simulator,truck driver,truck driver,https://play.google.com/store/apps/details?id=com.bp.death.road.truck.simulator&hl=en&gl=us
26,WiFi Router Manager: Scan WiFi,WiFi Router Manager - WiFi Repeater,Tools,12544898,49957,423,0.3982,0.8467,rev/rat<2% (text-less stars),True,True,False,https://bestlilyy.github.io/privacy_policy.html,com.wifirouter.wifimanager.wifibooter.wifimonitor,router,router,https://play.google.com/store/apps/details?id=com.wifirouter.wifimanager.wifibooter.wifimonitor&hl=en&gl=us
27,Trucker Joe,Sundrum Development,Simulation,11450977,60325,994,0.5268,1.6477,rev/rat<2% (text-less stars),True,True,True,http://www.sundrumdevelopment.com/privacy.htm,de.sundrumdevelopment.truckerjoe,trucker,trucker;trucking,https://play.google.com/store/apps/details?id=de.sundrumdevelopment.truckerjoe&hl=en&gl=us
28,WiFi Password Hacker Prank,Luko Parallel App Pvt Ltd,Tools,10841352,26049,151,0.2403,0.5797,rev/rat<2% (text-less stars),True,False,False,https://lukoparallelapp.blogspot.com/2022/12/privacypolicy.html,com.prime.studio.apps.wifi.password.hacker,wifi password,wifi password,https://play.google.com/store/apps/details?id=com.prime.studio.apps.wifi.password.hacker&hl=en&gl=us
29,Truck Transport Simulator,Skyloft Yazılım Bilişim ve Anonim Şirketi,Simulation,10744984,48420,868,0.4506,1.7926,rev/rat<2% (text-less stars),True,True,False,https://skyloftgaming.com/privacy-policy,com.truck.transport.manager,trucking,trucking;truck driver,https://play.google.com/store/apps/details?id=com.truck.transport.manager&hl=en&gl=us
30,Truck Driver - Games for kids,Yateland Games for kids,Racing,10696288,23439,76,0.2191,0.3242,"rev/rat<2% (text-less stars) | huge ratings, no reviews",True,True,False,https://yateland.com/privacy/,com.imayi.truckdriverfree,truck driver,truck driver,https://play.google.com/store/apps/details?id=com.imayi.truckdriverfree&hl=en&gl=us
31,Infocar - OBD2 ELM Scanner,"Infocar Co., Ltd.",Auto & Vehicles,10288581,25614,226,0.249,0.8823,rev/rat<2% (text-less stars),True,True,True,http://infocarmobility.com/sub/_privacy.php,mureung.obdproject,obd2,obd2;vehicle diagnostics,https://play.google.com/store/apps/details?id=mureung.obdproject&hl=en&gl=us
32,WiFi Router Setup & Speedtest,Ahmed Awadallah,Tools,10159874,44847,555,0.4414,1.2375,rev/rat<2% (text-less stars),True,True,False,https://sites.google.com/view/19216811-router-setup,com.gmail.kamdroid3.routerconfigure,router,router;router admin;router config,https://play.google.com/store/apps/details?id=com.gmail.kamdroid3.routerconfigure&hl=en&gl=us
33,TomTom - Maps & Traffic,TomTom International BV,Maps & Navigation,10016665,199170,576,1.9884,0.2892,rev/rat<2% (text-less stars),False,False,False,https://www.tomtom.com/nl_nl/navigation/mobile-apps/amigo-app/privacy-policy/,com.tomtom.speedcams.android.map,truck gps,truck gps;truck navigation,https://play.google.com/store/apps/details?id=com.tomtom.speedcams.android.map&hl=en&gl=us
34,OBD2 Car Scanner - EOBD Facile,Outils OBD Facile,Auto & Vehicles,10003046,81855,288,0.8183,0.3518,rev/rat<2% (text-less stars),False,True,False,https://www.outilsobdfacile.fr/cgu/cgu-app-eobd-facile.php,org.eobdfacile.android,obd2,obd2;vehicle diagnostics,https://play.google.com/store/apps/details?id=org.eobdfacile.android&hl=en&gl=us
35,WiFi Router Master & Analyzer,WiFi Router - WiFi Router Master & Phone Cleaner,Tools,9662850,64166,580,0.664,0.9039,rev/rat<2% (text-less stars),True,True,False,https://grace-tech-co.github.io/privacy_policy.html,com.wifianalyzer.speedtest.wifirouter.wifibooster,router,router,https://play.google.com/store/apps/details?id=com.wifianalyzer.speedtest.wifirouter.wifibooster&hl=en&gl=us
36,WiFiman,Ubiquiti Inc.,Tools,9214969,298255,4652,3.2366,1.5597,rev/rat<2% (text-less stars),False,False,False,https://www.ui.com/legal/privacypolicy,com.ubnt.usurvey,wifi,wifi;wifi analyzer;wifi scanner;network signal,https://play.google.com/store/apps/details?id=com.ubnt.usurvey&hl=en&gl=us
37,Trucker and Trucks,Go Dreams,Simulation,9009131,44992,514,0.4994,1.1424,rev/rat<2% (text-less stars),True,True,False,https://gardenofdreams.games/privacy-policy-4,com.POLOSKUN.BestTrucker2,trucker,trucker,https://play.google.com/store/apps/details?id=com.POLOSKUN.BestTrucker2&hl=en&gl=us
38,MotorData OBD2 ELM car scanner,JSC Legion-Autodata,Auto & Vehicles,7830745,34048,297,0.4348,0.8723,rev/rat<2% (text-less stars),False,True,False,https://motordata-obd.com/privacy_policy/,com.motordata.obd,obd2,obd2;vehicle diagnostics,https://play.google.com/store/apps/details?id=com.motordata.obd&hl=en&gl=us
39,Mini Trucker - truck simulator,FKGames,Simulation,7626499,26499,323,0.3475,1.2189,rev/rat<2% (text-less stars),True,True,False,https://fkgames.ru/privacy-policy/,com.fkgames.minitruckergame,trucker,trucker,https://play.google.com/store/apps/details?id=com.fkgames.minitruckergame&hl=en&gl=us
40,Mi Wi-Fi,Xiaomi Inc.,Tools,7175943,38117,582,0.5312,1.5269,rev/rat<2% (text-less stars),False,False,True,http://www.miui.com/res/doc/privacy/en.html,com.xiaomi.router,router,router,https://play.google.com/store/apps/details?id=com.xiaomi.router&hl=en&gl=us
41,WiFi Password Show & Analyzer,Vidmark Inc.,Tools,5824079,51103,493,0.8774,0.9647,rev/rat<2% (text-less stars),True,True,False,https://www.jedyapps.com/privacy-policy/,com.m24apps.wifimanager,wifi password,wifi password,https://play.google.com/store/apps/details?id=com.m24apps.wifimanager&hl=en&gl=us
42,Router Admin Page,Battery Stats Saver,Productivity,5326906,29985,102,0.5629,0.3402,rev/rat<2% (text-less stars),True,True,False,https://repairbatterylife.com/routeradminpage/privacy,gplx.router.admin.page,router,router;router admin;router config,https://play.google.com/store/apps/details?id=gplx.router.admin.page&hl=en&gl=us
43,Show WiFi Password & WiFi Map,Wolf Kan,Productivity,5215077,0,0,0.0,0,ratings/installs<0.1%,True,True,False,https://docs.google.com/document/d/e/2PACX-1vQROoQEqvAf8qJMDpFRVOYhR3Wfslp2AjgBhdRE6s4HAkdY0s1d8zqyYn_OzqioWdlNxh2r6RGlX-lK/pub,com.wifiscanner.wifipassword.showpassword,wifi password,wifi password,https://play.google.com/store/apps/details?id=com.wifiscanner.wifipassword.showpassword&hl=en&gl=us
44,Drivvo - Vehicle management,Drivvo,Auto & Vehicles,5145801,112721,1633,2.1905,1.4487,rev/rat<2% (text-less stars),True,True,False,https://www.drivvo.com/en/termos_de_uso/,br.com.ctncardoso.ctncar,dot inspection,dot inspection;truck fuel;fuel log;gasbuddy,https://play.google.com/store/apps/details?id=br.com.ctncardoso.ctncar&hl=en&gl=us
45,Trucker Ben - Truck Simulator,Go Dreams,Simulation,4984733,33961,667,0.6813,1.964,rev/rat<2% (text-less stars),True,True,False,https://gardenofdreams.games/privacy-policy-3,com.Poloskun.TruckerBen,trucker,trucker;trucking,https://play.google.com/store/apps/details?id=com.Poloskun.TruckerBen&hl=en&gl=us
46,Wifi Password Viewer・Generator,One Music Player,Tools,4891630,55199,157,1.1284,0.2844,rev/rat<2% (text-less stars),True,True,False,https://onemusicplayer.com/wifipasswordviewer/privacy/,com.wifipv.wifipasswordviewergeneratorrecover,wifi password,wifi password,https://play.google.com/store/apps/details?id=com.wifipv.wifipasswordviewergeneratorrecover&hl=en&gl=us
47,Obd Mary – Car Scanner for ELM,WyspaTech,Auto & Vehicles,4837943,143570,1131,2.9676,0.7878,rev/rat<2% (text-less stars),True,True,False,https://obdscanner.net/mobile-apps-privacy-policy/,com.elm.elm327.obd2.eobd.obd.car.scanner.diagnostics.tool.dashboard.doctor.check.engine.torque.speed.trouble.codes.mary,obd2,obd2;vehicle diagnostics,https://play.google.com/store/apps/details?id=com.elm.elm327.obd2.eobd.obd.car.scanner.diagnostics.tool.dashboard.doctor.check.engine.torque.speed.trouble.codes.mary&hl=en&gl=us
48,WiFi Password Show - Analyzer,Quantum4u,Tools,4814453,28938,529,0.6011,1.828,rev/rat<2% (text-less stars),True,True,False,https://www.quantum4u.in/privacy-policy,app.pnd.fourg,wifi password,wifi password,https://play.google.com/store/apps/details?id=app.pnd.fourg&hl=en&gl=us
49,Wifi Password Show: Wifi Scan,Global Coporation,Tools,4440334,0,0,0.0,0,ratings/installs<0.1%,False,False,False,https://sites.google.com/view/privacy-policy-wifi-pass/home,tool.wifi.connect.wifimaster.app,wifi password,wifi password,https://play.google.com/store/apps/details?id=tool.wifi.connect.wifimaster.app&hl=en&gl=us
50,WiFi Monitor: network analyzer,Alexander Kozyukov,Tools,4271018,43838,594,1.0264,1.355,rev/rat<2% (text-less stars),True,False,False,https://signalmonitoring.com/en/wifi-monitoring-privacy-policy,com.signalmonitoring.wifimonitoring,wifi analyzer,wifi analyzer,https://play.google.com/store/apps/details?id=com.signalmonitoring.wifimonitoring&hl=en&gl=us
51,Net Signal: WiFi & 5G Meter,Phuongpn,Tools,4203565,68009,1248,1.6179,1.8351,rev/rat<2% (text-less stars),True,False,False,https://phuongpndev.web.app/net-signal-privacy/,com.phuongpn.wifisignalstrengthmeter,cell signal,cell signal;network signal;cellular signal;5g signal,https://play.google.com/store/apps/details?id=com.phuongpn.wifisignalstrengthmeter&hl=en&gl=us
52,WiFi Map: WiFi QR Scanner,HoangSi,Personalization,4102814,0,0,0.0,0,ratings/installs<0.1%,True,False,False,https://sites.google.com/view/policy-priva-store-hong/home,com.wifishow.passwordwifi.speedtest.connection,wifi password,wifi password,https://play.google.com/store/apps/details?id=com.wifishow.passwordwifi.speedtest.connection&hl=en&gl=us
53,Signal Strength,Lakshman,Tools,3889840,65081,1049,1.6731,1.6118,rev/rat<2% (text-less stars),True,True,False,https://lakshman5876.github.io/ss-privacy-policy,com.cls.networkwidget,cell signal,cell signal;network signal;cellular signal;lte signal;5g signal,https://play.google.com/store/apps/details?id=com.cls.networkwidget&hl=en&gl=us
54,5G Only Network Mode,Vidura Prasangana,Communication,3567493,45110,59,1.2645,0.1308,"rev/rat<2% (text-less stars) | huge ratings, no reviews",False,False,False,https://vidura.me/5g-only-privacy-policy/,com.hunteralex.fivegonly,5g signal,5g signal,https://play.google.com/store/apps/details?id=com.hunteralex.fivegonly&hl=en&gl=us
55,5G 4G FORCE LTE MODE,RK AppZia,Tools,3407269,8486,57,0.2491,0.6717,rev/rat<2% (text-less stars),True,True,False,https://sites.google.com/view/rkprivacypolicy/home,com.appzia.ltemode.netspeedtest,lte signal,lte signal;5g signal,https://play.google.com/store/apps/details?id=com.appzia.ltemode.netspeedtest&hl=en&gl=us
56,iGO Navigation,NNG Software Developing and Commercial LLC.,Maps & Navigation,3238350,23055,264,0.7119,1.1451,rev/rat<2% (text-less stars),False,True,False,https://nng.com/privacy-policy-igo-navigation-applications/,com.nng.igo.primong.igoworld,truck navigation,truck navigation,https://play.google.com/store/apps/details?id=com.nng.igo.primong.igoworld&hl=en&gl=us
57,Router Admin Setup Control,WiFi Extender - WiFi Analyzer & WiFi Speed Test,Tools,3021640,9178,102,0.3037,1.1114,rev/rat<2% (text-less stars),True,False,False,https://happygreem.github.io/privacy_policy.html,com.routersetup.routeradminsetup.routersetuppage,router config,router config,https://play.google.com/store/apps/details?id=com.routersetup.routeradminsetup.routersetuppage&hl=en&gl=us
58,WIFI master-Show wifi password,Tren-D Technology,Tools,2815593,5227,55,0.1856,1.0522,rev/rat<2% (text-less stars),True,False,False,https://sunysuns121.blogspot.com/2024/03/privacy-policy-for-wifi-password-show.html,com.app.wifianalyzer,wifi password,wifi password,https://play.google.com/store/apps/details?id=com.app.wifianalyzer&hl=en&gl=us
59,"Netmonitor: 5G, Cell & WiFi",parizene,Tools,2552469,20460,345,0.8016,1.6862,rev/rat<2% (text-less stars),True,True,False,https://netmonitor.ing/privacy,com.parizene.netmonitor,signal strength,signal strength;cell signal;network signal;cellular signal;lte signal;5g signal,https://play.google.com/store/apps/details?id=com.parizene.netmonitor&hl=en&gl=us
60,Cellular signal strength meter,Internet speed test master,Tools,2528882,20239,174,0.8003,0.8597,rev/rat<2% (text-less stars),True,True,True,http://wififree.top/privacy-policy-m119,com.wifiauto.lte5g4g3g.swift.speedtest.networksignal,cellular signal,cellular signal,https://play.google.com/store/apps/details?id=com.wifiauto.lte5g4g3g.swift.speedtest.networksignal&hl=en&gl=us
61,5G/4G LTE Only Network Mode,AlphaBrain Apps Studio,Tools,2326432,6403,68,0.2752,1.062,rev/rat<2% (text-less stars),True,True,False,https://sites.google.com/view/forgfivegnetworklte/home,four4Glte.only.networkmode.forcelte.mode.five5G,5g signal,5g signal,https://play.google.com/store/apps/details?id=four4Glte.only.networkmode.forcelte.mode.five5G&hl=en&gl=us
62,OBDocker - OBD2 Car Scanner,Motorsure INC.,Auto & Vehicles,1831147,36327,267,1.9838,0.735,rev/rat<2% (text-less stars),False,True,False,https://obdocker.com/privacy-policy/,com.obdocker.obdocker,obd2,obd2;vehicle diagnostics,https://play.google.com/store/apps/details?id=com.obdocker.obdocker&hl=en&gl=us
63,Tor OBD2 Diagnostics,Tor OBD2 Diagnostics,Auto & Vehicles,1773936,31629,129,1.783,0.4079,rev/rat<2% (text-less stars),True,True,False,https://sites.google.com/view/bgapps/inicio,com.aplications.main.torobid,vehicle diagnostics,vehicle diagnostics,https://play.google.com/store/apps/details?id=com.aplications.main.torobid&hl=en&gl=us
64,Truck Depot,Solid Games,Casual,1690565,25885,200,1.5311,0.7726,rev/rat<2% (text-less stars),True,True,False,https://solidgameinc.com/privacy.html,com.truck.depot,truck stop,truck stop,https://play.google.com/store/apps/details?id=com.truck.depot&hl=en&gl=us
65,Petrol Spy Australia,Pinecone Software,Maps & Navigation,1600766,63522,6,3.9682,0.0094,"rev/rat<2% (text-less stars) | huge ratings, no reviews",True,True,False,https://petrolspy.com.au/PetrolSpyPrivacyPolicy.html,com.pineconesoft.petrolspy,diesel prices,diesel prices,https://play.google.com/store/apps/details?id=com.pineconesoft.petrolspy&hl=en&gl=us
66,Protrack GPS,"ITRYBRAND TECHNOLOGY (HONGKONG) CO.,LIMITED",Tools,1539403,5739,22,0.3728,0.3833,rev/rat<2% (text-less stars),False,False,False,https://www.protrack365.com/privacy.htm,com.itrybrand.tracker,truck gps,truck gps,https://play.google.com/store/apps/details?id=com.itrybrand.tracker&hl=en&gl=us
67,5G Lte Only: Speed test,Downtech,Tools,1374040,7479,45,0.5443,0.6017,rev/rat<2% (text-less stars),False,True,False,https://sites.google.com/view/fivegg/home,force.lteonlymode.fiveg.speedtest.datausage,lte signal,lte signal;5g signal,https://play.google.com/store/apps/details?id=force.lteonlymode.fiveg.speedtest.datausage&hl=en&gl=us
68,All WiFi Router Admin Setup,LucyTools,Tools,1343683,5880,36,0.4376,0.6122,rev/rat<2% (text-less stars),True,True,False,https://lucyyuu.github.io/privacy-policy.html,com.routeradmin.routerpasswords.wifirouter,router config,router config,https://play.google.com/store/apps/details?id=com.routeradmin.routerpasswords.wifirouter&hl=en&gl=us
69,Where is my OBD2 port?,Outils OBD Facile,Auto & Vehicles,1307746,27768,51,2.1233,0.1837,"rev/rat<2% (text-less stars) | huge ratings, no reviews",False,False,False,https://www.outilsobdfacile.com/cgu/cgu-app-connector.php,com.outilsobdfacile.obd.connecteur.dlc,obd2,obd2,https://play.google.com/store/apps/details?id=com.outilsobdfacile.obd.connecteur.dlc&hl=en&gl=us
70,All Router Admin - WiFi DNS,KomalArt Info,Tools,1281997,2948,9,0.23,0.3053,rev/rat<2% (text-less stars),True,False,False,https://komalartinfo.blogspot.com/2022/06/policy.html,com.komalartinfo.screeenmirrorinngg,router config,router config,https://play.google.com/store/apps/details?id=com.komalartinfo.screeenmirrorinngg&hl=en&gl=us
71,Wifi Analyzer Show Password,Secure Apps Hub,Tools,1218065,1482,18,0.1217,1.2146,rev/rat<2% (text-less stars),True,True,False,https://sites.google.com/view/wifianalyzerpasswor/home,com.wifipassword.show.wifishowpassword.wifianalyzer,wifi password,wifi password,https://play.google.com/store/apps/details?id=com.wifipassword.show.wifishowpassword.wifianalyzer&hl=en&gl=us
72,Gaspy - Fuel Prices,Hwem,Maps & Navigation,1124523,2332,14,0.2074,0.6003,rev/rat<2% (text-less stars),True,True,True,http://gaspy.nz/Public/privacy,nz.hwem.gaspy,gas prices,gas prices;gasbuddy,https://play.google.com/store/apps/details?id=nz.hwem.gaspy&hl=en&gl=us
73,Fuel Manager (Consumption),KB2 SOFT,Auto & Vehicles,1100354,8290,88,0.7534,1.0615,rev/rat<2% (text-less stars),False,True,True,http://kb2soft.ru/en/fuel-manager-privacy/,kb2.soft.fuelmanager,truck fuel,truck fuel;fuel log,https://play.google.com/store/apps/details?id=kb2.soft.fuelmanager&hl=en&gl=us
74,Wifi passwords show: Analyzer,Apps Resort - Daily Tool Apps,Tools,1067114,4403,4,0.4126,0.0908,rev/rat<2% (text-less stars),True,True,False,https://sites.google.com/view/wifianalyzer2023/home,com.appresort.wifi.analyzer.wifi.scanner.speed.test,wifi password,wifi password,https://play.google.com/store/apps/details?id=com.appresort.wifi.analyzer.wifi.scanner.speed.test&hl=en&gl=us
75,TELUS Connect (My Wi-Fi),TELUS,Productivity,995454,7452,31,0.7486,0.416,rev/rat<2% (text-less stars),False,False,False,https://www.telus.com/support/privacy-policy,com.telus.mywifi,wifi,wifi;wifi scanner,https://play.google.com/store/apps/details?id=com.telus.mywifi&hl=en&gl=us
76,OBD2 Car Scanner - ELM Torque,Cards,Auto & Vehicles,974307,8307,81,0.8526,0.9751,rev/rat<2% (text-less stars),True,True,False,https://cardsapp.com/carscannerflutter/privacy/,com.digitalcarkeyllc.car.scanner.obd.elm.torque.fixd.carly,obd2,obd2,https://play.google.com/store/apps/details?id=com.digitalcarkeyllc.car.scanner.obd.elm.torque.fixd.carly&hl=en&gl=us
77,My WiFi Password Show,QUANTUMADS LIMITED,Tools,972535,4184,59,0.4302,1.4101,rev/rat<2% (text-less stars),True,False,False,https://docs.google.com/document/d/1PODJKmjIL6QkN2Yf7hPJNcalgwFcBtnx4yrrq-htghU/edit,free.passwordshow.wifikeyview.passwordview.wifipassword.wifikeyrecovery.passwordmaster.wifispeedtest,wifi password,wifi password,https://play.google.com/store/apps/details?id=free.passwordshow.wifikeyview.passwordview.wifipassword.wifikeyrecovery.passwordmaster.wifispeedtest&hl=en&gl=us
78,BillPoint: VTU & Bills Payment,Linus Williams Ifejika,Finance,928702,13303,191,1.4324,1.4358,rev/rat<2% (text-less stars),False,False,False,https://raw.githubusercontent.com/snrguy101/billpointpolicy/main/policy.md,co.billpoint.app,bill of lading,bill of lading,https://play.google.com/store/apps/details?id=co.billpoint.app&hl=en&gl=us
79,Truckfly - Truck GPS,Truckfly,Maps & Navigation,894913,8648,4,0.9664,0.0463,rev/rat<2% (text-less stars),True,False,False,https://www.truckfly.com/privacy,com.truckfly.truckfly,trucker,trucker;truck gps;truck navigation;truck stop,https://play.google.com/store/apps/details?id=com.truckfly.truckfly&hl=en&gl=us
80,iTrack - GPS Tracking System,SEEWORLD Technology Corp.Ltd.,Auto & Vehicles,885079,3598,27,0.4065,0.7504,rev/rat<2% (text-less stars),False,False,False,https://www.itrack.top/privacy/itrackpolicy_en.html,com.swd.tracker,fleet tracking,fleet tracking,https://play.google.com/store/apps/details?id=com.swd.tracker&hl=en&gl=us
81,NSW FuelCheck,Department of Customer Service,Travel & Local,843637,47919,6,5.68,0.0125,"rev/rat<2% (text-less stars) | huge ratings, no reviews",False,False,False,https://www.fuelcheck.nsw.gov.au/App/Home/Privacy,au.gov.nsw.onegov.fuelcheckapp,gas prices,gas prices,https://play.google.com/store/apps/details?id=au.gov.nsw.onegov.fuelcheckapp&hl=en&gl=us
82,5G 4G Force LTE Network,VR Protech Apps,Tools,738460,2240,13,0.3033,0.5804,rev/rat<2% (text-less stars),True,True,False,https://sites.google.com/view/vrprotech/home,com.vrprotech.lteonly.networkinfo,lte signal,lte signal;5g signal,https://play.google.com/store/apps/details?id=com.vrprotech.lteonly.networkinfo&hl=en&gl=us
83,Cellular Tower - Signal Finder,Go Dreams,Maps & Navigation,702447,16735,275,2.3824,1.6433,rev/rat<2% (text-less stars),True,True,False,https://gardenofdreams.games/privacy-policy-3,com.cellular.finder,cell signal,cell signal;cellular signal;lte signal,https://play.google.com/store/apps/details?id=com.cellular.finder&hl=en&gl=us
84,WiFi Password & Signal Master,NUKE FROM,Personalization,689958,3054,12,0.4426,0.3929,rev/rat<2% (text-less stars),True,False,False,https://wififinder409cy.netlify.app/policy,com.wifi.manager.smart.connection.tool,wifi password,wifi password,https://play.google.com/store/apps/details?id=com.wifi.manager.smart.connection.tool&hl=en&gl=us
85,WiFi Router Admin Setup,WiFi Tools and File Recovery(Photo&Video Recovery),Tools,605429,3836,40,0.6336,1.0428,rev/rat<2% (text-less stars),True,False,False,https://jenkins4911.github.io/privacypolicy.html,com.wifiroutersettings.wifiroutersetup.routeradminsetuppage,router config,router config,https://play.google.com/store/apps/details?id=com.wifiroutersettings.wifiroutersetup.routeradminsetuppage&hl=en&gl=us
86,WIFI Password Show_Master Key,Ujo Soft Tech Apps,Productivity,540077,1116,22,0.2066,1.9713,rev/rat<2% (text-less stars),False,False,False,https://sites.google.com/view/wifi-pass-show-/privacy-policy,com.goolfo.wifipassword.scan,wifi password,wifi password,https://play.google.com/store/apps/details?id=com.goolfo.wifipassword.scan&hl=en&gl=us
87,Fuelmeter: Fuel consumption,Artem Krut,Auto & Vehicles,473994,9508,28,2.0059,0.2945,rev/rat<2% (text-less stars),True,True,False,https://fuelmeter.blogspot.com/p/privacy-policy.html,com.blogspot.fuelmeter,truck fuel,truck fuel;fuel log,https://play.google.com/store/apps/details?id=com.blogspot.fuelmeter&hl=en&gl=us
88,Virtual Truck Manager 3,VDTruck LLC,Simulation,452494,2408,48,0.5322,1.9934,rev/rat<2% (text-less stars),True,True,False,https://vtm3.vtruckmanager.com/ToS/privacy.html,com.virtualtruck.manager3,trucker,trucker;trucking;truck driver,https://play.google.com/store/apps/details?id=com.virtualtruck.manager3&hl=en&gl=us
89,WIFI Password & Unlocker Kit,Power House of Apps,Productivity,432861,6457,60,1.4917,0.9292,rev/rat<2% (text-less stars),True,True,False,https://sites.google.com/view/wifikit,com.wifi.unlock.hotspot.shield.kit.tool,wifi password,wifi password,https://play.google.com/store/apps/details?id=com.wifi.unlock.hotspot.shield.kit.tool&hl=en&gl=us
90,My European Trucking Skills,My Trucking Skills,Simulation,417831,1080,6,0.2585,0.5556,rev/rat<2% (text-less stars),True,True,False,https://mytruckingskills.com/eula-eugame.html,com.mytruckingskills.v2,trucking,trucking,https://play.google.com/store/apps/details?id=com.mytruckingskills.v2&hl=en&gl=us
91,Trucker GPS & Maps | CargoTour,Expluribus Software,Maps & Navigation,321341,1616,15,0.5029,0.9282,rev/rat<2% (text-less stars),True,True,False,https://www.cargotourapp.com/privacy/,com.cargotour.app,truck gps,truck gps;truck navigation;truck stop,https://play.google.com/store/apps/details?id=com.cargotour.app&hl=en&gl=us
92,WIFI Unlock : Wi-Fi Connection,Internet connection for anyone,Tools,267169,7529,137,2.8181,1.8196,rev/rat<2% (text-less stars),True,True,False,https://sites.google.com/view/wifiunlock/home,com.unlock.wifi.connect.router.password,wifi password,wifi password,https://play.google.com/store/apps/details?id=com.unlock.wifi.connect.router.password&hl=en&gl=us
93,Radius Velocity,Radius Limited,Business,259586,2585,4,0.9958,0.1547,rev/rat<2% (text-less stars),False,False,False,https://www.radiuspaymentsolutions.com/legal/en/privacy-policy-en/,com.fuelcards.velocity,fuel card,fuel card,https://play.google.com/store/apps/details?id=com.fuelcards.velocity&hl=en&gl=us
94,Router Admin Setup: Setup Page,BreDev,Tools,210368,1252,5,0.5951,0.3994,rev/rat<2% (text-less stars),True,False,False,https://stillgbreast.github.io/privacy.html,com.routeradmin.routersetup.setup.wifirouteradmin.routeradmin,router config,router config,https://play.google.com/store/apps/details?id=com.routeradmin.routersetup.setup.wifirouteradmin.routeradmin&hl=en&gl=us
95,MOVCAR - Fleet Management,Limitless Solutions SRL,Auto & Vehicles,156157,3094,6,1.9813,0.1939,rev/rat<2% (text-less stars),False,False,False,https://movcar.app/privacy_policy_en,com.movcar,fleet tracking,fleet tracking,https://play.google.com/store/apps/details?id=com.movcar&hl=en&gl=us
96,5G 4G Force LTE Mode,Prank Calling,Tools,153349,0,0,0.0,0,ratings/installs<0.1%,False,True,False,https://sites.google.com/view/5gltesettings/home,com.fourg.fiveg.ltemode.speedtest.network,lte signal,lte signal;5g signal,https://play.google.com/store/apps/details?id=com.fourg.fiveg.ltemode.speedtest.network&hl=en&gl=us
97,Wifi Password - Wifi Analyzer,LordEagle JSC,Tools,144446,0,0,0.0,0,ratings/installs<0.1%,True,False,False,https://sites.google.com/view/lordeagle-privacy-policy,com.wifipassword.wifikey.wifianalyzer.hotspot.connection,wifi password,wifi password,https://play.google.com/store/apps/details?id=com.wifipassword.wifikey.wifianalyzer.hotspot.connection&hl=en&gl=us
98,Fuel Manager Pro (Consumption),KB2 SOFT,Auto & Vehicles,106958,1626,23,1.5202,1.4145,rev/rat<2% (text-less stars),False,False,True,http://kb2soft.ru/en/fuel-manager-privacy/,kb2.soft.fuelmanagerpro,fuel log,fuel log,https://play.google.com/store/apps/details?id=kb2.soft.fuelmanagerpro&hl=en&gl=us
99,Password Scanner | WiFi QrCode,Chekku Tech,Tools,100248,0,0,0.0,0,ratings/installs<0.1%,False,False,False,https://sites.google.com/view/chekkutech/qr-scanner-generator-app-privacy-policy?authuser=5,com.chekku.qr,wifi scanner,wifi scanner,https://play.google.com/store/apps/details?id=com.chekku.qr&hl=en&gl=us
